{
    "load_m": 1,
    "load_b": 0,
    "moment_of_inertia": 0.1058,
    "rolling_a": 0.158166318,
    "rolling_b": -116.12,
    "rolling_c": 777.6214652
}