{
    "load_m": 0.6066,
<<<<<<< HEAD
    "load_b": -25.29616297538182,
=======
    "load_b": -3.0821346000000016,
>>>>>>> be76d1b (watcher)
    "moment_of_inertia": 0.1058,
    "rolling_a": 0.158166318,
    "rolling_b": -116.12,
    "rolling_c": 777.6214652
}